{"5% augmentation, 10x sample count": {"0": {"test": {"loss": 2.927804470062256, "categorical_accuracy": 0.28125}, "train": {"val_categorical_accuracy": [0.0, 0.03333333407839139, 0.05000000074505806, 0.05000000149011612, 0.06666666716337204, 0.11666666716337204, 0.16666666865348817, 0.16666666865348817, 0.1666666696468989, 0.1666666696468989], "loss": [0.978042189280192, 0.7690998792648316, 0.5922237356503804, 0.4323083308007982, 0.2887019528283013, 0.17777416474289365, 0.08896179248889287, 0.04697032860583729, 0.02632259809308582, 0.01556727991749843], "categorical_accuracy": [0.5333333359824286, 0.7888888862397936, 0.8444444431198967, 0.8722222208976745, 0.95, 0.9833333333333333, 1.0, 1.0, 1.0, 1.0], "val_loss": [1.3847320318222045, 1.4968179623285929, 1.6354796091715496, 1.787618064880371, 1.9777560472488402, 2.1426164786020916, 2.2429420948028564, 2.3962601820627847, 2.575953563054403, 2.745642391840617]}}, "1": {"test": {"loss": 2.9765117168426514, "categorical_accuracy": 0.15625}, "train": {"val_categorical_accuracy": [0.1999999980131785, 0.16666666467984517, 0.1833333392937978, 0.1833333392937978, 0.249999996026357, 0.26666666865348815, 0.249999996026357, 0.249999996026357, 0.249999996026357, 0.249999996026357], "loss": [1.0473971181445652, 0.8787050048510233, 0.7051826424068874, 0.5062647110886044, 0.3195918944146898, 0.17722300589084625, 0.08349966973894173, 0.04082526450769769, 0.021958573617868953, 0.013053825176838372], "categorical_accuracy": [0.43333333200878565, 0.6333333333333333, 0.8444444444444444, 0.9388888888888889, 0.9555555555555556, 0.9944444444444445, 1.0, 1.0, 1.0, 1.0], "val_loss": [1.2647789239883422, 1.327450696627299, 1.4485310316085815, 1.640775442123413, 1.8562638759613037, 2.0644588549931844, 2.2516650676727297, 2.4170159578323362, 2.56658829053243, 2.6921125570933024]}}, "2": {"test": {"loss": 1.7781680822372437, "categorical_accuracy": 0.34375}, "train": {"val_categorical_accuracy": [0.49999999403953554, 0.49999999403953554, 0.49999999403953554, 0.49999999403953554, 0.46666666865348816, 0.4833333353201548, 0.4833333353201548, 0.4666666626930237, 0.46666666865348816, 0.46666666865348816], "loss": [1.026397744814555, 0.8806122011608548, 0.7389636622534858, 0.5786905169487, 0.4053596016433504, 0.24210164927774006, 0.119649880958928, 0.05937340785231855, 0.031732235869599716, 0.01817344706505537], "categorical_accuracy": [0.5222222208976746, 0.683333330684238, 0.7555555542310078, 0.8555555555555555, 0.9166666666666666, 0.9666666666666667, 0.9944444444444445, 1.0, 1.0, 1.0], "val_loss": [1.1043726444244384, 1.1067984183629354, 1.1291916688283286, 1.1872242132822672, 1.2680424213409425, 1.3631750186284384, 1.4871511061986287, 1.6219303846359252, 1.7470091422398886, 1.8501354853312175]}}}, "Replication, 10x sample count": {"0": {"test": {"loss": 2.8408141136169434, "categorical_accuracy": 0.0625}, "train": {"val_categorical_accuracy": [0.1666666696468989, 0.16666666865348817, 0.16666666865348817, 0.16666666865348817, 0.16666666865348817, 0.33333332935969034, 0.33333332935969034, 0.33333332935969034, 0.33333332935969034, 0.33333332935969034], "loss": [1.0027360995610555, 0.8036968575583564, 0.6226214514838324, 0.42636611329184637, 0.2427716202206082, 0.11575090256002214, 0.05255687650707033, 0.026494232523772452, 0.015164687381022507, 0.00966311629033751], "categorical_accuracy": [0.5166666660043928, 0.7000000013245476, 0.933333334657881, 1.0, 1.0, 1.0, 1.0, 1.0, 1.0, 1.0], "val_loss": [1.236413304011027, 1.2181675990422567, 1.1969366550445557, 1.226727827390035, 1.2914510250091553, 1.372786577542623, 1.503106673558553, 1.6189273754755655, 1.7116594870885213, 1.7781476974487305]}}, "1": {"test": {"loss": 1.9461461305618286, "categorical_accuracy": 0.25}, "train": {"val_categorical_accuracy": [0.16666666865348817, 0.16666666865348817, 0.16666666865348817, 0.16666666865348817, 0.16666666865348817, 0.1666666676600774, 0.33333332935969034, 0.33333332935969034, 0.33333332935969034, 0.33333332935969034], "loss": [1.0009122292200725, 0.8667921000056796, 0.7299935380617778, 0.560856733057234, 0.37237539225154453, 0.20936080184247757, 0.1019458015759786, 0.04933865351809396, 0.025183759422765836, 0.014058301266696717], "categorical_accuracy": [0.48888888623979354, 0.5444444444444444, 0.7555555542310078, 0.916666665342119, 0.9833333333333333, 0.9888888888888889, 1.0, 1.0, 1.0, 1.0], "val_loss": [1.4252214193344117, 1.4501203775405884, 1.4882564942042034, 1.5470056772232055, 1.6304844935735068, 1.6015656153361002, 1.6850204944610596, 1.8017309268315633, 1.9180630763371787, 2.0334472974141438]}}, "2": {"test": {"loss": 3.6052892208099365, "categorical_accuracy": 0.0}, "train": {"val_categorical_accuracy": [0.5000000019868215, 0.5000000019868215, 0.3333333333333333, 0.3333333333333333, 0.3333333333333333, 0.1666666681567828, 0.1666666681567828, 0.1666666681567828, 0.1666666681567828, 0.1666666681567828], "loss": [0.9533788336647882, 0.7017031815316942, 0.47814199858241613, 0.28451850414276125, 0.14506115631924735, 0.06874937092264494, 0.03445467787484328, 0.019291393645107745, 0.011991782486438752, 0.008188769386874305], "categorical_accuracy": [0.6055555582046509, 0.8944444444444445, 0.9611111111111111, 0.9888888888888889, 1.0, 1.0, 1.0, 1.0, 1.0, 1.0], "val_loss": [1.269774842262268, 1.377834105491638, 1.5206614176432292, 1.7241060098012289, 1.957720947265625, 2.176776377360026, 2.3720083713531492, 2.5392287254333494, 2.6818172295888263, 2.7955881436665853]}}}, "1% augmentation, 10x sample count": {"0": {"test": {"loss": 1.0291012525558472, "categorical_accuracy": 0.6875}, "train": {"val_categorical_accuracy": [0.2166666696468989, 0.23333333333333334, 0.33333333134651183, 0.33333333134651183, 0.3833333313465118, 0.3999999980131785, 0.43333333134651186, 0.450000003973643, 0.43333333134651186, 0.43333333134651186], "loss": [1.0240428699387445, 0.8272363159391615, 0.6393597960472107, 0.44420517086982725, 0.26653164989418454, 0.1427481389707989, 0.06533674879206551, 0.031869453026188745, 0.017046256984273592, 0.010358083662059573], "categorical_accuracy": [0.5388888902134366, 0.7055555568801032, 0.8555555555555555, 0.9722222222222222, 0.9888888888888889, 1.0, 1.0, 1.0, 1.0, 1.0], "val_loss": [1.1794846296310424, 1.153779117266337, 1.1728888750076294, 1.2537967205047607, 1.4210736354192097, 1.5667856216430665, 1.7400771538416544, 1.9093454678853352, 2.056788412729899, 2.183949613571167]}}, "1": {"test": {"loss": 1.5489426851272583, "categorical_accuracy": 0.375}, "train": {"val_categorical_accuracy": [0.16666666865348817, 0.33333333730697634, 0.33333333730697634, 0.36666666269302367, 0.36666666269302367, 0.36666666269302367, 0.36666666269302367, 0.36666666269302367, 0.36666666269302367, 0.38333333532015484], "loss": [1.0501393821504381, 0.8741124444537692, 0.7037451929516263, 0.5178080247508154, 0.32830011712180246, 0.17385220163398318, 0.08282903565300835, 0.04022838117347823, 0.02130046197109752, 0.012581915925774309], "categorical_accuracy": [0.3944444457689921, 0.766666665342119, 0.9555555555555556, 0.9888888888888889, 1.0, 1.0, 1.0, 1.0, 1.0, 1.0], "val_loss": [1.1158469438552856, 1.1132615009943645, 1.1344560702641806, 1.1942171812057496, 1.29251389503479, 1.418775749206543, 1.5275671084721882, 1.615092889467875, 1.6990176916122437, 1.779088314374288]}}, "2": {"test": {"loss": 2.7655177116394043, "categorical_accuracy": 0.1875}, "train": {"val_categorical_accuracy": [0.3500000059604645, 0.4666666666666667, 0.5, 0.5, 0.5, 0.5, 0.5, 0.5, 0.5, 0.5], "loss": [0.9919906497001648, 0.8360227200720045, 0.6972902536392211, 0.5412214232815636, 0.37142862015300326, 0.21427014933692085, 0.10520651638507843, 0.04999920494026608, 0.025970794550246663, 0.015038020577695635], "categorical_accuracy": [0.5444444457689921, 0.7055555555555556, 0.816666665342119, 0.8944444444444445, 0.95, 1.0, 1.0, 1.0, 1.0, 1.0],