{
	"5% augmentation, 10x sample count": {
		"0": {
			"val_categorical_accuracy": [0.58888889551162715, 0.78888889286253183, 0.82222222487131758, 0.84444443782170608, 0.85555554893281727, 0.88888888226615059, 0.94444444576899211, 0.98888888888888893, 0.98888888888888893, 1.0],
			"loss": [1.0771657557714553, 0.96700191554569059, 0.85816175880886258, 0.73389662106831866, 0.59290357260476978, 0.4484011363415491, 0.31759456836041949, 0.21021687956083387, 0.13005055558113826, 0.078551781816141947],
			"categorical_accuracy": [0.3952380955219269, 0.64285714512779601, 0.77619047675813946, 0.83809523582458501, 0.87619047391982308, 0.92380952380952386, 0.97142857142857142, 1.0, 1.0, 1.0],
			"val_loss": [1.0026730987760755, 0.90754479832119417, 0.80416557788848875, 0.686621966626909, 0.56013712088267009, 0.43437911007139418, 0.32090574039353265, 0.22875488466686672, 0.16077570716540018, 0.1150215486685435]
		},
		"1": {
			"val_categorical_accuracy": [0.38888889021343653, 0.45555555621782939, 0.58888888623979352, 0.72222222752041287, 0.75555555025736487, 0.76666666136847605, 0.86666666004392834, 0.87777777115503952, 0.91111111243565879, 0.96666666666666667],
			"loss": [1.0841100488390241, 0.97113177662804018, 0.86820146583375479, 0.75321459656669976, 0.62433342479524156, 0.48826286764371962, 0.35854447966530212, 0.24613308821405683, 0.16059853441658475, 0.10181763356640225],
			"categorical_accuracy": [0.39047619217918034, 0.61904762018294557, 0.6999999982970101, 0.78571428628194895, 0.87619047391982308, 0.90476190476190477, 0.919047619047619, 0.96190476190476193, 0.99047619047619051, 0.99523809523809526],
			"val_loss": [1.0703724490271673, 1.00923683113522, 0.92416438659032185, 0.82581125762727525, 0.71380547549989493, 0.59386276536517668, 0.46939317848947315, 0.35310816102557713, 0.25358690818150836, 0.18170192175441319]
		},
		"2": {
			"val_categorical_accuracy": [0.46666666732894052, 0.48888888888888887, 0.55555555290646019, 0.67777778175142078, 0.75555555820465092, 0.81111111376020639, 0.88888889021343653, 0.92222222354676986, 0.94444444576899211, 0.96666665871938073],
			"loss": [1.0545242877233596, 0.95029491072609307, 0.84850984244119554, 0.74316879283814208, 0.63674470015934537, 0.52806993779681977, 0.41577841213771277, 0.30770074242637269, 0.2129849191222872, 0.1376552735765775],
			"categorical_accuracy": [0.43809523837906972, 0.65714285941351025, 0.75238095181328912, 0.78095237981705434, 0.82380952210653391, 0.85714285543986735, 0.919047619047619, 0.97619047619047616, 0.99047619047619051, 0.99523809523809526],
			"val_loss": [1.034964492585924, 0.9657168136702643, 0.88479430675506587, 0.79412665896945533, 0.69749320613013377, 0.59029905133777194, 0.47806159522798325, 0.36646747721566092, 0.27065357036060755, 0.19665855467319487]
		}
	},
	"10% augmentation, 10x sample count": {
		"0": {
			"val_categorical_accuracy": [0.58888888756434121, 0.63333333200878572, 0.67777778440051606, 0.72222222884496057, 0.73333333995607164, 0.77777778307596845, 0.83333333730697634, 0.84444443914625378, 0.9000000026490953, 0.92222222487131755],
			"loss": [1.059296475137983, 0.9419866976283845, 0.8238417137236822, 0.69465366772242954, 0.55984998004777087, 0.42914861241976421, 0.31234102007888614, 0.21753952772844407, 0.14570382237434387, 0.095742384734607874],
			"categorical_accuracy": [0.45714285657519388, 0.69047618877320061, 0.75714285487220401, 0.81904761677696591, 0.88095237868172782, 0.91904761677696589, 0.94761904534839447, 0.97619047619047616, 0.99047619047619051, 0.99523809523809526],
			"val_loss": [1.0087597105238173, 0.92394372489717269, 0.8293400035964118, 0.73049463298585682, 0.62920919524298768, 0.5309667083952162, 0.42927555772993298, 0.33646947940190636, 0.26570031113094755, 0.21771490905019972]
		},
		"1": {
			"val_categorical_accuracy": [0.59999999867545228, 0.64444444311989679, 0.66666667328940499, 0.68888889551162724, 0.72222222752041287, 0.78888889286253183, 0.84444443914625378, 0.90000000132454772, 0.91111110316382515, 0.93333333333333335],
			"loss": [1.0801409812200637, 0.96063251325062338, 0.8443218662625267, 0.71453747408730639, 0.57428951064745581, 0.43867860067458381, 0.32084553681668782, 0.22869544618186496, 0.15901428652661187, 0.10830878519586154],
			"categorical_accuracy": [0.41428571371805101, 0.66190476076943539, 0.72857142686843868, 0.79523809580575855, 0.8571428571428571, 0.90476190476190477, 0.96190476190476193, 0.96190476190476193, 0.97619047619047616, 0.99523809523809526],
			"val_loss": [1.00322368144989, 0.91865882873535154, 0.82602299584282768, 0.72794907755321925, 0.62322272459665939, 0.52186372015211313, 0.43216236101256478, 0.36580060058169894, 0.31900570988655091, 0.28305129574404825]
		},
		"2": {
			"val_categorical_accuracy": [0.5, 0.66666666269302366, 0.72222222619586518, 0.73333333730697636, 0.75555555025736487, 0.77777777247958713, 0.86666666931576197, 0.88888888226615059, 0.91111110448837285, 0.93333333465788104],
			"loss": [1.095624251592727, 0.9908218485968453, 0.89080666360400973, 0.78521231299354921, 0.67306451371737885, 0.5556191872982752, 0.43627470192455109, 0.32272415672029769, 0.22592791027966, 0.15351881157784236],
			"categorical_accuracy": [0.4285714280037653, 0.59047618877320063, 0.69523809580575857, 0.7761904739198231, 0.83333333333333337, 0.87142857142857144, 0.90952380952380951, 0.94761904761904758, 0.96666666666666667, 0.98571428571428577],
			"val_loss": [1.0396142058902316, 0.95917296409606934, 0.87535558541615799, 0.78819762335883248, 0.69528327782948807, 0.59698122342427573, 0.49321491784519622, 0.39620246556070116, 0.31442429290877449, 0.24907333387268915]
		}
	},
	"Replication, 10x sample count": {
		"0": {
			"val_categorical_accuracy": [0.55555555555555558, 0.65555555290646028, 0.73333332935969031, 0.82222221559948394, 0.95555554760826955, 1.0, 1.0, 1.0, 1.0, 1.0],
			"loss": [1.0498326119922456, 0.92531573658897759, 0.80675803366161525, 0.67358256975809738, 0.5309563903581529, 0.38617341121037801, 0.2561083333832877, 0.15750490483783541, 0.092033311511789048, 0.053117063464153381],
			"categorical_accuracy": [0.42380952409335543, 0.68095237981705437, 0.76666666553134011, 0.87619047675813944, 0.93809523582458498, 0.98095238095238091, 1.0, 1.0, 1.0, 1.0],
			"val_loss": [0.9729238907496135, 0.87411396635903249, 0.76585433218214249, 0.6449346462885539, 0.51135520405239532, 0.37097404268052842, 0.24712514678637187, 0.1516011012925042, 0.088520870771672991, 0.05243904681669341]
		},
		"1": {
			"val_categorical_accuracy": [0.7888888835906982, 0.83333332671059501, 0.85555555688010321, 0.93333333465788104, 1.0, 1.0, 1.0, 1.0, 1.0, 1.0],
			"loss": [1.0665401458740233, 0.94074414627892633, 0.81739502350489301, 0.67365517332440328, 0.50317416333016896, 0.32437453951154438, 0.17862796315125057, 0.088450364342757631, 0.043734106173117952, 0.023308126486483075],
			"categorical_accuracy": [0.45238095238095238, 0.69047619217918033, 0.81428571542104089, 0.89523809580575853, 0.95238095238095233, 0.98095238095238091, 1.0, 1.0, 1.0, 1.0],
			"val_loss": [0.96773677666982016, 0.84962298472722375, 0.71775533623165555, 0.56408147414525345, 0.39585398303137886, 0.23694848484463163, 0.12231304612424639, 0.061930542108085421, 0.032784187752339572, 0.019126977647344272]
		},
		"2": {
			"val_categorical_accuracy": [0.68888888491524591, 0.69999999602635699, 0.82222221559948394, 0.82222221559948394, 0.86666666799121428, 0.93333332538604741, 1.0, 1.0, 1.0, 1.0],
			"loss": [1.0533395687739053, 0.90342964785439628, 0.75126969360169915, 0.58829532748176938, 0.42833790921029591, 0.28693986095133284, 0.17538067783628192, 0.097815734289941336, 0.051968581158490408, 0.029341719636604899],
			"categorical_accuracy": [0.54761904591605781, 0.79047618877320058, 0.8571428571428571, 0.90000000000000002, 0.94761904761904758, 0.97619047619047616, 0.99523809523809526, 1.0, 1.0, 1.0],